死,출석:死,유리,출석:유리,빛,출석:빛,의지,출석:의지,약속,출석:약속,로망,출석:로망,의리,출석:의리,달빛,출석:달빛,인연,출석:인연,극한,출석:극한,신한,출석:신한
행적,2.0,마강마도,3.0,기광,3.0,미백,3.0,요거,3.0,농협,2.0,종호형,3.0,패브,3.0,순각,2.0,니트언니,2.0,총괄사령관,1.0
일송이,3.0,머머,3.0,해리포터,2.0,박민정,3.0,윤오,3.0,제압,2.0,강도차승준,3.0,프릭커,2.0,잠양,2.0,원거리초보,3.0,,
쥐센세,2.0,유천우,3.0,이브,3.0,냥이,3.0,황썬우,3.0,반짝낫,1.0,우드워드,3.0,살살,2.0,재원,2.0,호로,3.0,,
습관,3.0,테크닉,3.0,레리,2.0,순궁,3.0,아가발달,2.0,세앙비,2.0,보리,3.0,미나,3.0,슬랜드,1.0,사냥개고수,3.0,,
배구,3.0,달달한침대위,2.0,으둥,2.0,헤이,3.0,가은,3.0,엔옵,1.0,에스급,3.0,암뭉냐,3.0,율담,1.0,을야,1.0,,
세겹,1.0,조꺄치,3.0,슈뇌,2.0,윤인진,1.0,제빔,3.0,분유,3.0,성용몬,3.0,지하,3.0,,,모도,3.0,,
피치,3.0,바미,3.0,루시,3.0,쁠레기,2.0,예리,3.0,귀문킬러,3.0,아가유나,3.0,꿀꺽,3.0,,,귤이귤이찌,1.0,,
달래,1.0,순젖,2.0,어도,2.0,자몽리,3.0,나나토,3.0,보호막,2.0,파트하,2.0,주하,2.0,,,,,,
주니,3.0,이유나,2.0,진도표,2.0,넋니,3.0,포맨,2.0,준틔,1.0,힐타치,2.0,이창민,3.0,,,,,,
달링,3.0,클링,3.0,둘레길,3.0,황창영,3.0,돌파의화신,3.0,원닢,2.0,석가,2.0,이경진,3.0,,,,,,
어멍네,3.0,식객,1.0,별새우,2.0,잉승,1.0,소리,2.0,세월마,2.0,말사슴,3.0,빙글,2.0,,,,,,
소금,3.0,도둑김용수,3.0,추해,1.0,메르딘김향유,1.0,어제,3.0,가짜꽃,2.0,아스란히,3.0,밤밤,1.0,,,,,,
하히,3.0,두듀댜다,3.0,무현,2.0,붸츄,1.0,급박,3.0,탁바,2.0,방심,3.0,할수없어,1.0,,,,,,
해찬갓,2.0,방역소,3.0,아린의,1.0,,,상담,3.0,허효찌,2.0,영준,2.0,월유,2.0,,,,,,
풋볼,2.0,사숱,3.0,앙지은,1.0,,,영술곤란,3.0,앙규리,2.0,속도,1.0,,,,,,,,
화니버프,3.0,알바코어,3.0,설라,1.0,,,에디앙,2.0,홀릭,3.0,나인,1.0,,,,,,,,
후시딘,1.0,강지영,2.0,풍류생활,1.0,,,빅할,2.0,투시아,2.0,고맡,1.0,,,,,,,,
도톨임얌긋,3.0,빙구업,3.0,소울트리,1.0,,,섬연,2.0,머쨩,3.0,정연,1.0,,,,,,,,
구탁,3.0,종교전쟁,2.0,카드,1.0,,,뚱붕,1.0,정예솔,1.0,,,,,,,,,,
아이,2.0,찐따같은초보,2.0,마기,1.0,,,시하,3.0,싫어,3.0,,,,,,,,,,
김삐냥,3.0,나비,2.0,,,,,킴럼마,3.0,앗쉐,1.0,,,,,,,,,,
탐욕의이빨,3.0,안안안어,2.0,,,,,팍쿠니,2.0,애틋,2.0,,,,,,,,,,
신검,2.0,대한,2.0,,,,,셔룩,3.0,천년향수,1.0,,,,,,,,,,
렌쥬,2.0,참젖,1.0,,,,,아가호랑,3.0,쿠팡윙,1.0,,,,,,,,,,
마도문어,3.0,세절예,1.0,,,,,랏댐,2.0,보세힙찔이,1.0,,,,,,,,,,
슨데이,3.0,제코,1.0,,,,,벨로치,2.0,또사뿡,1.0,,,,,,,,,,
치타,1.0,불젖,1.0,,,,,대학생,2.0,한뀨,2.0,,,,,,,,,,
자신,3.0,이슬상,1.0,,,,,화룡비보,2.0,카디타,1.0,,,,,,,,,,
율리,1.0,,,,,,,무르칸,2.0,재요,1.0,,,,,,,,,,
우세솔,2.0,,,,,,,호랑,3.0,,,,,,,,,,,,
초급,2.0,,,,,,,신궁,3.0,,,,,,,,,,,,
진월,1.0,,,,,,,보이면삼초캇,2.0,,,,,,,,,,,,
맴찢,1.0,,,,,,,비책,3.0,,,,,,,,,,,,
사기,1.0,,,,,,,이디은,2.0,,,,,,,,,,,,
탄뎅,2.0,,,,,,,효과,2.0,,,,,,,,,,,,
소년,1.0,,,,,,,티케,1.0,,,,,,,,,,,,
꽃서비,1.0,,,,,,,석윤,3.0,,,,,,,,,,,,
씨클린,1.0,,,,,,,이상,1.0,,,,,,,,,,,,
,,,,,,,,제일궁다샙,1.0,,,,,,,,,,,,
,,,,,,,,의뀨,1.0,,,,,,,,,,,,
,,,,,,,,민채,2.0,,,,,,,,,,,,
,,,,,,,,온벨,2.0,,,,,,,,,,,,
,,,,,,,,영부셔,1.0,,,,,,,,,,,,
,,,,,,,,정흠,1.0,,,,,,,,,,,,
,,,,,,,,네이,2.0,,,,,,,,,,,,
,,,,,,,,,,,,,,,,,,,,,
,,,,,,,,,,,,,,,,,,,,,
,,,,,,,,,,,,,,,,,,,,,
,,,,,,,,,,,,,,,,,,,,,
,,,,,,,,,,,,,,,,,,,,,
,,,,,,,,,,,,,,,,,,,,,
,,,,,,,,,,,,,,,,,,,,,
,,,,,,,,,,,,,,,,,,,,,
,,,,,,,,,,,,,,,,,,,,,
,,,,,,,,,,,,,,,,,,,,,
,,,,,,,,,,,,,,,,,,,,,
,,,,,,,,,,,,,,,,,,,,,
,,,,,,,,,,,,,,,,,,,,,
,,,,,,,,,,,,,,,,,,,,,
,,,,,,,,,,,,,,,,,,,,,
,,,,,,,,,,,,,,,,,,,,,
,,,,,,,,,,,,,,,,,,,,,
,,,,,,,,,,,,,,,,,,,,,
,,,,,,,,,,,,,,,,,,,,,
,,,,,,,,,,,,,,,,,,,,,
,,,,,,,,,,,,,,,,,,,,,
,,,,,,,,,,,,,,,,,,,,,
,,,,,,,,,,,,,,,,,,,,,
,,,,,,,,,,,,,,,,,,,,,
,,,,,,,,,,,,,,,,,,,,,
,,,,,,,,,,,,,,,,,,,,,
,,,,,,,,,,,,,,,,,,,,,
,,,,,,,,,,,,,,,,,,,,,
,,,,,,,,,,,,,,,,,,,,,
,,,,,,,,,,,,,,,,,,,,,
,,,,,,,,,,,,,,,,,,,,,
,,,,,,,,,,,,,,,,,,,,,
,,,,,,,,,,,,,,,,,,,,,
,,,,,,,,,,,,,,,,,,,,,
,,,,,,,,,,,,,,,,,,,,,
,,,,,,,,,,,,,,,,,,,,,
,,,,,,,,,,,,,,,,,,,,,
,,,,,,,,,,,,,,,,,,,,,
,,,,,,,,,,,,,,,,,,,,,
,,,,,,,,,,,,,,,,,,,,,
,,,,,,,,,,,,,,,,,,,,,
,,,,,,,,,,,,,,,,,,,,,
,,,,,,,,,,,,,,,,,,,,,
,,,,,,,,,,,,,,,,,,,,,
,,,,,,,,,,,,,,,,,,,,,
,,,,,,,,,,,,,,,,,,,,,
,,,,,,,,,,,,,,,,,,,,,
,,,,,,,,,,,,,,,,,,,,,
,,,,,,,,,,,,,,,,,,,,,
,,,,,,,,,,,,,,,,,,,,,
,,,,,,,,,,,,,,,,,,,,,
,,,,,,,,,,,,,,,,,,,,,
,,,,,,,,,,,,,,,,,,,,,
,,,,,,,,,,,,,,,,,,,,,
,,,,,,,,,,,,,,,,,,,,,
