死,인연,유리,빛,약속,의지,로망,시크릿,의리,달빛,극한
반함,수안,져햐,기광,세굿,미백,농협,초보,강도차승준,패브,원거리초보
비룡,재원,마강마도,해리포터,요거,방깍,제압,단요한,우드워드,프릭커,사냥개고수
보덕국왕,율담,머머,추해,김가율,냥이,단,연탈토,속도,살살,모도
따구미,우진왕,찐따같은초보,무현,황썬우,순궁,문안나,꽃희,보리,떡래,
습관,,종호형,아린의,극용랑,헤이,쿠팡윙,락두,다온,밤밤,
김쭈닝,,반격,앙지은,제일궁다샙,낚시,귀문킬러,응왜,에스급,불만,
세겹,,유천우,류간,승민지,윤인진,준틔,,매쫑,꼬꼬닦,
피치,,동탁,이브,의뀨,쁠레기,휴지심,,성용몬,할수없어,
뚠서,,조꺄치,레리,가은,붸츄,오늘,,아가유나,동화,
달래,,누나향,칸포,민채,자몽리,배터지는콜라,,파트하,경진,
달링,,너술쏴,으둥,제빔,넋니,탐키,,힐타치,미올,
초급,,솔랭,설라,영비니,허망,싫어,,퀘궁,,
어멍네,,불젖,첨드,예리,,앗쉐,,말사슴,,
소금,,배트,소울트리,나나토,,바니,,나인,,
하히,,첼채,어도,포맨,,,,방심,,
해찬갓,,클링,진도표,비책듣기용,,,,고맡,,
풋볼,,식객,명주르,소리,,,,정연,,
화니버프듣기,,나비,깽열,어제,,,,영준,,
맴찢,,콩치,극압,급박,,,,,,
후지툐라,,도둑김용수,카드,상담,,,,,,
도톨임얌긋,,하산유,둘레길,타라수,,,,,,
사기,,대한,,에디앙,,,,,,
구탁,,우웽,,섬연,,,,,,
김삐냥,,참젖,,뚱붕,,,,,,
팡뢰,,강다짐,,노숙,,,,,,
김숙,,제코,,시하,,,,,,
하히눈,,이슬상,,온벨,,,,,,
론서,,사숱,,호로,,,,,,
신검,,알바코어,,킴럼마,,,,,,
싯팡년,,강지영,,팍쿠니,,,,,,
씨클린,,,,셔룩,,,,,,
미여누,,,,아가호랑,,,,,,
렌쥬,,,,뱀띠,,,,,,
슨데이,,,,라임초,,,,,,
사탕후루루,,,,벨로치,,,,,,
치타,,,,오취링,,,,,,
화니버프,,,,영부셔,,,,,,
행적,,,,대학생,,,,,,
후시딘,,,,족숭,,,,,,
꽃서비,,,,호랑,,,,,,
탐욕의이빨,,,,신궁,,,,,,
탄뎅,,,,보이면삼초캇,,,,,,
마도문어,,,,비책,,,,,,
,,,,이디은,,,,,,
,,,,아가도하,,,,,,
,,,,로우,,,,,,
,,,,효과,,,,,,
,,,,티케,,,,,,
,,,,네이,,,,,,
,,,,군주,,,,,,
,,,,아잇츄,,,,,,
,,,,석윤,,,,,,
