유리,출석:유리,약속,출석:약속,의지,출석:의지,빛,출석:빛,의리,출석:의리,달빛,출석:달빛,死,출석:死,로망,출석:로망,극한,출석:극한,인연,출석:인연,기타,출석:기타
마강마도,2.0,이상,1.0,미백,4.0,김먈,4.0,종호형,2.0,패브,3.0,비룡,2.0,세앙비,4.0,호로,4.0,순각,2.0,,
유천우,4.0,요거,2.0,박민정,3.0,설마,2.0,우드워드,4.0,프릭커,2.0,습관,4.0,분유,4.0,을야,4.0,잠양,1.0,,
조꺄치,4.0,황썬우,4.0,냥이,4.0,이브,4.0,에스급,4.0,암뭉냐,4.0,배구,2.0,휴디,2.0,모도,4.0,재원,1.0,,
불젖,3.0,제일궁다샙,1.0,순궁,4.0,설라,3.0,매쫑,4.0,주하,4.0,피치,2.0,재요,1.0,원거리초보,1.0,,,,
두듀댜다,3.0,아가발달,4.0,헤이,2.0,섹션,4.0,성용몬,4.0,이창민,3.0,뚠서,4.0,허효찌,2.0,사냥개고수,1.0,,,,
안안안어,4.0,민채,2.0,윤인진,1.0,슈뇌,4.0,아가유나,2.0,이경진,4.0,달링,2.0,앙규리,2.0,,,,,,
대한,2.0,제빔,4.0,쁠레기,2.0,둘레길,1.0,말사슴,4.0,꿀꺽,1.0,우세솔,3.0,홀릭,1.0,,,,,,
이슬상,4.0,나나토,2.0,자몽리,4.0,별새우,3.0,나인,4.0,불만,3.0,어멍네,4.0,머쨩,4.0,,,,,,
사숱,1.0,깝토리,2.0,넋니,2.0,해리포터,2.0,아스란히,4.0,빙글,2.0,소금,4.0,싫어,4.0,,,,,,
알바코어,4.0,돌파의화신,4.0,,,앙지은,2.0,방심,4.0,,,하히,4.0,바니,3.0,,,,,,
강지영,2.0,어제,2.0,,,레리,3.0,힐타치,2.0,,,화니버프,3.0,농협,1.0,,,,,,
종교전쟁,4.0,급박,2.0,,,으둥,2.0,영준,2.0,,,사기,4.0,반짝낫,1.0,,,,,,
달달한침대위,3.0,상담,4.0,,,무현,2.0,석가,1.0,,,구탁,4.0,문안나,1.0,,,,,,
클링,3.0,시하,4.0,,,기광,1.0,강도차승준,1.0,,,아이,4.0,귀문킬러,1.0,,,,,,
세절예,1.0,킴럼마,4.0,,,소울트리,1.0,,,,,김삐냥,4.0,보호막,1.0,,,,,,
이유나,1.0,팍쿠니,2.0,,,루시,1.0,,,,,탐욕의이빨,4.0,배터지는콜라,1.0,,,,,,
도둑김용수,1.0,셔룩,4.0,,,어도,1.0,,,,,신검,3.0,애틋,1.0,,,,,,
순젖,1.0,아가호랑,4.0,,,진도표,1.0,,,,,씨클린,4.0,,,,,,,,
,,대학생,2.0,,,,,,,,,탄뎅,4.0,,,,,,,,
,,화룡비보,2.0,,,,,,,,,슨데이,1.0,,,,,,,,
,,족숭,2.0,,,,,,,,,자신,4.0,,,,,,,,
,,호랑,4.0,,,,,,,,,세겹,1.0,,,,,,,,
,,신궁,2.0,,,,,,,,,주니,3.0,,,,,,,,
,,비책,2.0,,,,,,,,,행적,3.0,,,,,,,,
,,발달,4.0,,,,,,,,,해찬갓,2.0,,,,,,,,
,,효과,4.0,,,,,,,,,렌쥬,2.0,,,,,,,,
,,쾌감,2.0,,,,,,,,,화니버프듣기,1.0,,,,,,,,
,,군주,4.0,,,,,,,,,일송이,1.0,,,,,,,,
,,아잇츄,2.0,,,,,,,,,후시딘,1.0,,,,,,,,
,,석윤,3.0,,,,,,,,,도톨임얌긋,1.0,,,,,,,,
,,포맨,2.0,,,,,,,,,치타,1.0,,,,,,,,
,,온벨,2.0,,,,,,,,,,,,,,,,,,
,,소리,1.0,,,,,,,,,,,,,,,,,,
,,영술곤란,1.0,,,,,,,,,,,,,,,,,,
,,섬연,1.0,,,,,,,,,,,,,,,,,,
,,무르칸,1.0,,,,,,,,,,,,,,,,,,
,,로우,1.0,,,,,,,,,,,,,,,,,,
,,티케,1.0,,,,,,,,,,,,,,,,,,
,,네이,1.0,,,,,,,,,,,,,,,,,,
,,,,,,,,,,,,,,,,,,,,,
,,,,,,,,,,,,,,,,,,,,,
,,,,,,,,,,,,,,,,,,,,,
,,,,,,,,,,,,,,,,,,,,,
,,,,,,,,,,,,,,,,,,,,,
,,,,,,,,,,,,,,,,,,,,,
,,,,,,,,,,,,,,,,,,,,,
,,,,,,,,,,,,,,,,,,,,,
,,,,,,,,,,,,,,,,,,,,,
,,,,,,,,,,,,,,,,,,,,,
,,,,,,,,,,,,,,,,,,,,,
,,,,,,,,,,,,,,,,,,,,,
,,,,,,,,,,,,,,,,,,,,,
,,,,,,,,,,,,,,,,,,,,,
,,,,,,,,,,,,,,,,,,,,,
,,,,,,,,,,,,,,,,,,,,,
,,,,,,,,,,,,,,,,,,,,,
,,,,,,,,,,,,,,,,,,,,,
,,,,,,,,,,,,,,,,,,,,,
,,,,,,,,,,,,,,,,,,,,,
,,,,,,,,,,,,,,,,,,,,,
,,,,,,,,,,,,,,,,,,,,,
,,,,,,,,,,,,,,,,,,,,,
,,,,,,,,,,,,,,,,,,,,,
,,,,,,,,,,,,,,,,,,,,,
,,,,,,,,,,,,,,,,,,,,,
,,,,,,,,,,,,,,,,,,,,,
,,,,,,,,,,,,,,,,,,,,,
,,,,,,,,,,,,,,,,,,,,,
,,,,,,,,,,,,,,,,,,,,,
,,,,,,,,,,,,,,,,,,,,,
,,,,,,,,,,,,,,,,,,,,,
,,,,,,,,,,,,,,,,,,,,,
,,,,,,,,,,,,,,,,,,,,,
,,,,,,,,,,,,,,,,,,,,,
,,,,,,,,,,,,,,,,,,,,,
,,,,,,,,,,,,,,,,,,,,,
,,,,,,,,,,,,,,,,,,,,,
,,,,,,,,,,,,,,,,,,,,,
,,,,,,,,,,,,,,,,,,,,,
,,,,,,,,,,,,,,,,,,,,,
,,,,,,,,,,,,,,,,,,,,,
,,,,,,,,,,,,,,,,,,,,,
,,,,,,,,,,,,,,,,,,,,,
,,,,,,,,,,,,,,,,,,,,,
,,,,,,,,,,,,,,,,,,,,,
,,,,,,,,,,,,,,,,,,,,,
,,,,,,,,,,,,,,,,,,,,,
,,,,,,,,,,,,,,,,,,,,,
,,,,,,,,,,,,,,,,,,,,,
,,,,,,,,,,,,,,,,,,,,,
,,,,,,,,,,,,,,,,,,,,,
,,,,,,,,,,,,,,,,,,,,,
,,,,,,,,,,,,,,,,,,,,,
,,,,,,,,,,,,,,,,,,,,,
,,,,,,,,,,,,,,,,,,,,,
,,,,,,,,,,,,,,,,,,,,,
,,,,,,,,,,,,,,,,,,,,,
,,,,,,,,,,,,,,,,,,,,,
,,,,,,,,,,,,,,,,,,,,,
,,,,,,,,,,,,,,,,,,,,,
