死,유리,빛,약속,시크릿,로망,의리,달빛,의지,인연,극한
반함,마강마도,기광,요거,초보,제압,강도차승준,프릭커,방깍,잠양,니트언니
따구미,머머,해리포터,김가율,단요한,문안나,우드워드,살살,냥이,재원,원거리초보
쥐센세,찐따같은초보,광안리가자,황썬우,호두맥주,귀문킬러,보리,미나,순궁,,사냥개고수
습관,반격,추해,극용랑,연탈토,휴지심,에스급,떡래,헤이,,모도
김쭈닝,유천우,무현,제일궁다샙,꽃희,휴디,매쫑,꿀꺽,쁠레기,,
배구,라자바,아린의,승민지,응왜,허효찌,듀님,밤밤,붸츄,,
세겹,동탁,앙지은,배출,,카디타,성용몬,꼬꼬닦,자몽리,,
피치,솔랭,이브,의뀨,,홀릭,아가유나,고천득,넋니,,
주니,방어해제,레리,깅경태,,배터지는콜라,파트하,할수없어,황창영,,
달링,첼채,칸포,가은,,탐키,힐타치,동화,돔황쳐,,
초급,나비,으둥,제빔,,싫어,체람,이경진,,,
어멍네,콩치,설라,예리,,앗쉐,방심,쩌리,,,
소금,도둑김용수,어도,나나토,,바니,고맡,빙글,,,
하히,랫쥐,진도표,포맨,,애틋,정연,,,,
해찬갓,사수이광민,명주르,비책듣기용,,,영준,,,,
풋볼,우웽,카드,어제,,,,,,,
화니버프듣기,참젖,마기,급박,,,,,,,
후지토라,제코,둘레길,상담,,,,,,,
사기,이슬상,,로빈달래,,,,,,,
구탁,사숱,,타라수,,,,,,,
아이,보이면삼초캇,,에디앙,,,,,,,
김삐냥,알바코어,,섬연,,,,,,,
김숙,빙구업,,뚱붕,,,,,,,
신검,,,노숙,,,,,,,
미여누,,,시하,,,,,,,
렌쥬,,,호로,,,,,,,
낙현,,,킴럼마,,,,,,,
서포터니까,,,팍쿠니,,,,,,,
치타,,,셔룩,,,,,,,
화니버프,,,아가호랑,,,,,,,
행적,,,뱀띠,,,,,,,
후시딘,,,라임초,,,,,,,
꽃서비,,,대학생,,,,,,,
탐욕의이빨,,,화룡비보,,,,,,,
탄뎅,,,유럽,,,,,,,
마도문어,,,호랑,,,,,,,
자신,,,신궁,,,,,,,
,,,비책,,,,,,,
,,,로우,,,,,,,
,,,네이,,,,,,,
,,,군주,,,,,,,
,,,아잇츄,,,,,,,
,,,석윤,,,,,,,
